{"corr": {"__dtype__": [["corr", "<f8"], ["r", "<f8"]], "__shape__": [15], "__data__": [[0.13033507815473788, 17.01252599504823], [0.04317151487756332, 27.333482747139783], [0.0185724277591357, 37.82591296144269], [0.009991287927602066, 48.388969533964534], [0.006015461764689478, 58.98734092583904], [0.0044621864452540905, 69.60479067565399], [0.004135785503634359, 80.23679845896663], [0.0043553165686653905, 90.87538119498005], [0.0036140179638759484, 101.51950258333027], [0.0024246426394085585, 112.16780901983705], [0.0014827160791892613, 122.82052971521075], [0.0005587788165388741, 133.47466922623212], [-0.00016605480460785138, 144.13115919138392], [-0.0004053188528027052, 154.78914086655323], [-0.0001420149452007191, 165.44860819031254]]}, "dims": ["r"], "edges": [{"__dtype__": "<f8", "__shape__": [16], "__data__": [10.666666666666666, 21.333333333333332, 32.0, 42.666666666666664, 53.333333333333336, 64.0, 74.66666666666667, 85.33333333333333, 96.0, 106.66666666666667, 117.33333333333333, 128.0, 138.66666666666666, 149.33333333333334, 160.0, 170.66666666666666]}], "D1D2": {"__dtype__": [["r", "<f8"], ["npairs", "<u8"], ["wnpairs", "<f8"]], "__shape__": [15], "__data__": [[17.01252599504823, 1318044158, 1318044158.0], [27.333482747139783, 3301672828, 3301672828.0], [37.82591296144269, 6277957264, 6277957264.0], [48.388969533964534, 10262949164, 10262949164.0], [58.98734092583904, 15250032280, 15250032280.0], [69.60479067565399, 21250151378, 21250151378.0], [80.23679845896663, 28268571610, 28268571610.0], [90.87538119498005, 36305450638, 36305450638.0], [101.51950258333027, 45306522022, 45306522022.0], [112.16780901983705, 55271906274, 55271906274.0], [122.82052971521075, 66230598608, 66230598608.0], [133.47466922623212, 78170009468, 78170009468.0], [144.13115919138392, 91104518828, 91104518828.0], [154.78914086655323, 105069825476, 105069825476.0], [165.44860819031254, 120087636980, 120087636980.0]]}, "D1R2": null, "D2R1": null, "R1R2": {"__dtype__": [["npairs", "<f8"], ["wnpairs", "<f8"]], "__shape__": [15], "__data__": [[1166064986.8105443, 1166064986.8105443], [3165033535.628622, 3165033535.628622], [6163486358.855733, 6163486358.855733], [10161423456.4919, 10161423456.4919], [15158844828.537075, 15158844828.537075], [21155750474.991318, 21155750474.991318], [28152140395.854546, 28152140395.854546], [36148014591.12691, 36148014591.12691], [45143373060.80829, 45143373060.80829], [55138215804.89853, 55138215804.89853], [66132542823.39807, 66132542823.39807], [78126354116.3064, 78126354116.3064], [91119649683.62415, 91119649683.62415], [105112429525.35052, 105112429525.35052], [120104693641.48584, 120104693641.48584]]}, "wp": null, "attrs": {"mode": "1d", "edges": {"__dtype__": "<f8", "__shape__": [16], "__data__": [10.666666666666666, 21.333333333333332, 32.0, 42.666666666666664, 53.333333333333336, 64.0, 74.66666666666667, 85.33333333333333, 96.0, 106.66666666666667, 117.33333333333333, 128.0, 138.66666666666666, 149.33333333333334, 160.0, 170.66666666666666]}, "Nmu": null, "pimax": null, "periodic": true, "BoxSize": 512.0, "los": "z", "weight": "Weight", "position": "Position", "show_progress": true, "config": {}}}